type_name,avg_weight
bug,145.83333333333334
electric,60.0
fire,393.3333333333333
grass,399.6666666666667
normal,190.42857142857142
poison,359.5
water,390.0
