type_name,avg_weight
bug,164.9
electric,180.0
fairy,237.5
fire,295.6
grass,254.16666666666666
ground,141.0
normal,167.55555555555554
poison,311.9
water,390.0
