artist_name,avg_popularity,count
Drake,77.4,5
Taylor Swift,71.44444444444444,9
Tim McGraw,65.0,1
ADÉLA,56.666666666666664,3
Adele,55.285714285714285,7
